{"cameraMode":{"drawMode":0,"name":"Shaded","section":"Shading Mode"},"sceneLighting":true,"audioPlay":false,"sceneViewState":{"m_AlwaysRefresh":false,"showFog":true,"showSkybox":true,"showFlares":true,"showImageEffects":true,"showParticleSystems":true,"showVisualEffectGraphs":true,"m_FxEnabled":true},"in2DMode":false,"pivot":{"x":7.054276466369629,"y":-7.401043891906738,"z":17.556961059570314},"rotation":{"x":-0.27252522110939028,"y":-0.13161471486091615,"z":0.03794398158788681,"w":-0.9524906873703003},"size":21.090970993041993,"orthographic":false}