{"cameraMode":{"drawMode":0,"name":"Shaded","section":"Shading Mode"},"sceneLighting":false,"audioPlay":false,"sceneViewState":{"m_AlwaysRefresh":false,"showFog":true,"showSkybox":false,"showFlares":true,"showImageEffects":true,"showParticleSystems":true,"showVisualEffectGraphs":true,"m_FxEnabled":true},"in2DMode":false,"pivot":{"x":-0.604559600353241,"y":2.3131747245788576,"z":-2.6448252201080324},"rotation":{"x":-0.1245555728673935,"y":-0.06576067209243775,"z":0.008217165246605873,"w":-0.9900578260421753},"size":3.2880852222442629,"orthographic":false}