{"cameraMode":{"drawMode":0,"name":"Shaded","section":"Shading Mode"},"sceneLighting":false,"audioPlay":false,"sceneViewState":{"m_AlwaysRefresh":false,"showFog":true,"showSkybox":false,"showFlares":true,"showImageEffects":true,"showParticleSystems":true,"showVisualEffectGraphs":true,"m_FxEnabled":true},"in2DMode":false,"pivot":{"x":-0.2410353571176529,"y":-0.08899393677711487,"z":0.14829771220684052},"rotation":{"x":-0.02441367134451866,"y":0.4948647618293762,"z":-0.013533432967960835,"w":-0.868689775466919},"size":0.3681536018848419,"orthographic":false}