{"cameraMode":{"drawMode":0,"name":"Shaded","section":"Shading Mode"},"sceneLighting":false,"audioPlay":false,"sceneViewState":{"m_AlwaysRefresh":false,"showFog":true,"showSkybox":false,"showFlares":true,"showImageEffects":true,"showParticleSystems":true,"showVisualEffectGraphs":true,"m_FxEnabled":true},"in2DMode":false,"pivot":{"x":0.5239883661270142,"y":0.7618849873542786,"z":1.0920970439910889},"rotation":{"x":-0.056513283401727679,"y":0.7907528877258301,"z":-0.07334649562835694,"w":-0.6053375005722046},"size":0.6733061671257019,"orthographic":false}