{"cameraMode":{"drawMode":0,"name":"Shaded","section":"Shading Mode"},"sceneLighting":false,"audioPlay":false,"sceneViewState":{"m_AlwaysRefresh":false,"showFog":true,"showSkybox":false,"showFlares":true,"showImageEffects":true,"showParticleSystems":true,"showVisualEffectGraphs":true,"m_FxEnabled":true},"in2DMode":false,"pivot":{"x":-3.3618953227996828,"y":0.9492998719215393,"z":2.3595526218414308},"rotation":{"x":0.09667516499757767,"y":0.9002940058708191,"z":-0.33560067415237429,"w":0.2603882849216461},"size":0.24396878480911256,"orthographic":false}