{"cameraMode":{"drawMode":0,"name":"Shaded","section":"Shading Mode"},"sceneLighting":false,"audioPlay":false,"sceneViewState":{"m_AlwaysRefresh":false,"showFog":true,"showSkybox":false,"showFlares":true,"showImageEffects":true,"showParticleSystems":true,"showVisualEffectGraphs":true,"m_FxEnabled":true},"in2DMode":false,"pivot":{"x":0.035506874322891238,"y":0.3927791118621826,"z":1.4901161193847657e-8},"rotation":{"x":-0.10162705928087235,"y":0.10312380641698837,"z":-0.010305594652891159,"w":-0.9895565509796143},"size":0.5066811442375183,"orthographic":false}